Image name,Retinopathy grade,target
IDRiD_001,3,referable_dr
IDRiD_002,3,referable_dr
IDRiD_003,2,referable_dr
IDRiD_004,3,referable_dr
IDRiD_005,4,referable_dr
IDRiD_008,4,referable_dr
IDRiD_009,3,referable_dr
IDRiD_010,4,referable_dr
IDRiD_011,3,referable_dr
IDRiD_012,3,referable_dr
IDRiD_013,3,referable_dr
IDRiD_014,4,referable_dr
IDRiD_015,4,referable_dr
IDRiD_016,2,referable_dr
IDRiD_017,4,referable_dr
IDRiD_018,2,referable_dr
IDRiD_019,2,referable_dr
IDRiD_020,2,referable_dr
IDRiD_022,4,referable_dr
IDRiD_023,3,referable_dr
IDRiD_024,4,referable_dr
IDRiD_025,3,referable_dr
IDRiD_026,3,referable_dr
IDRiD_027,4,referable_dr
IDRiD_028,4,referable_dr
IDRiD_030,4,referable_dr
IDRiD_031,4,referable_dr
IDRiD_032,4,referable_dr
IDRiD_033,4,referable_dr
IDRiD_034,3,referable_dr
IDRiD_035,3,referable_dr
IDRiD_036,3,referable_dr
IDRiD_037,2,referable_dr
IDRiD_038,2,referable_dr
IDRiD_039,3,referable_dr
IDRiD_040,3,referable_dr
IDRiD_041,2,referable_dr
IDRiD_042,2,referable_dr
IDRiD_043,2,referable_dr
IDRiD_044,2,referable_dr
IDRiD_046,4,referable_dr
IDRiD_047,2,referable_dr
IDRiD_048,2,referable_dr
IDRiD_050,2,referable_dr
IDRiD_051,2,referable_dr
IDRiD_052,2,referable_dr
IDRiD_053,4,referable_dr
IDRiD_054,4,referable_dr
IDRiD_055,3,referable_dr
IDRiD_056,2,referable_dr
IDRiD_058,2,referable_dr
IDRiD_059,2,referable_dr
IDRiD_060,2,referable_dr
IDRiD_061,2,referable_dr
IDRiD_062,4,referable_dr
IDRiD_063,2,referable_dr
IDRiD_064,2,referable_dr
IDRiD_065,3,referable_dr
IDRiD_066,3,referable_dr
IDRiD_067,4,referable_dr
IDRiD_068,2,referable_dr
IDRiD_069,2,referable_dr
IDRiD_074,2,referable_dr
IDRiD_075,3,referable_dr
IDRiD_077,3,referable_dr
IDRiD_078,2,referable_dr
IDRiD_079,1,non_referable_dr
IDRiD_080,2,referable_dr
IDRiD_082,2,referable_dr
IDRiD_084,2,referable_dr
IDRiD_085,2,referable_dr
IDRiD_087,2,referable_dr
IDRiD_088,3,referable_dr
IDRiD_089,4,referable_dr
IDRiD_090,4,referable_dr
IDRiD_091,2,referable_dr
IDRiD_092,2,referable_dr
IDRiD_094,2,referable_dr
IDRiD_099,3,referable_dr
IDRiD_100,4,referable_dr
IDRiD_101,3,referable_dr
IDRiD_103,2,referable_dr
IDRiD_104,4,referable_dr
IDRiD_106,2,referable_dr
IDRiD_107,2,referable_dr
IDRiD_108,3,referable_dr
IDRiD_109,2,referable_dr
IDRiD_110,3,referable_dr
IDRiD_111,4,referable_dr
IDRiD_112,3,referable_dr
IDRiD_113,2,referable_dr
IDRiD_114,3,referable_dr
IDRiD_115,3,referable_dr
IDRiD_116,2,referable_dr
IDRiD_118,0,non_referable_dr
IDRiD_120,2,referable_dr
IDRiD_121,2,referable_dr
IDRiD_122,2,referable_dr
IDRiD_123,2,referable_dr
IDRiD_125,2,referable_dr
IDRiD_127,2,referable_dr
IDRiD_128,2,referable_dr
IDRiD_131,2,referable_dr
IDRiD_132,2,referable_dr
IDRiD_134,2,referable_dr
IDRiD_135,2,referable_dr
IDRiD_136,2,referable_dr
IDRiD_137,2,referable_dr
IDRiD_140,0,non_referable_dr
IDRiD_141,0,non_referable_dr
IDRiD_142,0,non_referable_dr
IDRiD_143,0,non_referable_dr
IDRiD_144,0,non_referable_dr
IDRiD_145,0,non_referable_dr
IDRiD_146,0,non_referable_dr
IDRiD_147,0,non_referable_dr
IDRiD_148,0,non_referable_dr
IDRiD_149,0,non_referable_dr
IDRiD_150,0,non_referable_dr
IDRiD_152,0,non_referable_dr
IDRiD_153,0,non_referable_dr
IDRiD_154,0,non_referable_dr
IDRiD_155,0,non_referable_dr
IDRiD_156,0,non_referable_dr
IDRiD_159,0,non_referable_dr
IDRiD_161,0,non_referable_dr
IDRiD_162,0,non_referable_dr
IDRiD_163,0,non_referable_dr
IDRiD_164,0,non_referable_dr
IDRiD_165,0,non_referable_dr
IDRiD_167,0,non_referable_dr
IDRiD_168,0,non_referable_dr
IDRiD_169,0,non_referable_dr
IDRiD_170,0,non_referable_dr
IDRiD_171,0,non_referable_dr
IDRiD_172,0,non_referable_dr
IDRiD_173,0,non_referable_dr
IDRiD_175,0,non_referable_dr
IDRiD_176,0,non_referable_dr
IDRiD_177,0,non_referable_dr
IDRiD_179,0,non_referable_dr
IDRiD_181,0,non_referable_dr
IDRiD_182,0,non_referable_dr
IDRiD_184,0,non_referable_dr
IDRiD_185,2,referable_dr
IDRiD_186,2,referable_dr
IDRiD_187,2,referable_dr
IDRiD_188,2,referable_dr
IDRiD_189,4,referable_dr
IDRiD_190,0,non_referable_dr
IDRiD_191,2,referable_dr
IDRiD_192,3,referable_dr
IDRiD_193,0,non_referable_dr
IDRiD_194,1,non_referable_dr
IDRiD_195,0,non_referable_dr
IDRiD_196,2,referable_dr
IDRiD_197,0,non_referable_dr
IDRiD_199,0,non_referable_dr
IDRiD_200,0,non_referable_dr
IDRiD_201,2,referable_dr
IDRiD_202,0,non_referable_dr
IDRiD_203,1,non_referable_dr
IDRiD_205,0,non_referable_dr
IDRiD_206,0,non_referable_dr
IDRiD_208,2,referable_dr
IDRiD_209,0,non_referable_dr
IDRiD_210,0,non_referable_dr
IDRiD_211,0,non_referable_dr
IDRiD_212,0,non_referable_dr
IDRiD_213,0,non_referable_dr
IDRiD_214,0,non_referable_dr
IDRiD_215,2,referable_dr
IDRiD_216,2,referable_dr
IDRiD_217,0,non_referable_dr
IDRiD_218,0,non_referable_dr
IDRiD_220,0,non_referable_dr
IDRiD_221,0,non_referable_dr
IDRiD_222,0,non_referable_dr
IDRiD_223,0,non_referable_dr
IDRiD_224,4,referable_dr
IDRiD_225,0,non_referable_dr
IDRiD_226,0,non_referable_dr
IDRiD_227,0,non_referable_dr
IDRiD_229,0,non_referable_dr
IDRiD_230,0,non_referable_dr
IDRiD_231,2,referable_dr
IDRiD_232,2,referable_dr
IDRiD_234,0,non_referable_dr
IDRiD_235,0,non_referable_dr
IDRiD_237,2,referable_dr
IDRiD_238,0,non_referable_dr
IDRiD_239,4,referable_dr
IDRiD_240,4,referable_dr
IDRiD_242,2,referable_dr
IDRiD_243,0,non_referable_dr
IDRiD_244,0,non_referable_dr
IDRiD_245,2,referable_dr
IDRiD_246,4,referable_dr
IDRiD_247,2,referable_dr
IDRiD_248,2,referable_dr
IDRiD_249,0,non_referable_dr
IDRiD_250,0,non_referable_dr
IDRiD_252,2,referable_dr
IDRiD_254,4,referable_dr
IDRiD_255,0,non_referable_dr
IDRiD_256,1,non_referable_dr
IDRiD_257,0,non_referable_dr
IDRiD_258,0,non_referable_dr
IDRiD_260,2,referable_dr
IDRiD_261,2,referable_dr
IDRiD_262,2,referable_dr
IDRiD_263,2,referable_dr
IDRiD_265,1,non_referable_dr
IDRiD_266,1,non_referable_dr
IDRiD_267,0,non_referable_dr
IDRiD_268,0,non_referable_dr
IDRiD_269,3,referable_dr
IDRiD_272,4,referable_dr
IDRiD_273,0,non_referable_dr
IDRiD_274,0,non_referable_dr
IDRiD_276,0,non_referable_dr
IDRiD_277,3,referable_dr
IDRiD_278,3,referable_dr
IDRiD_279,1,non_referable_dr
IDRiD_280,2,referable_dr
IDRiD_281,2,referable_dr
IDRiD_282,2,referable_dr
IDRiD_283,2,referable_dr
IDRiD_284,2,referable_dr
IDRiD_286,4,referable_dr
IDRiD_287,0,non_referable_dr
IDRiD_288,0,non_referable_dr
IDRiD_290,1,non_referable_dr
IDRiD_291,1,non_referable_dr
IDRiD_292,0,non_referable_dr
IDRiD_293,2,referable_dr
IDRiD_294,2,referable_dr
IDRiD_295,0,non_referable_dr
IDRiD_297,0,non_referable_dr
IDRiD_299,3,referable_dr
IDRiD_300,2,referable_dr
IDRiD_301,1,non_referable_dr
IDRiD_302,1,non_referable_dr
IDRiD_303,2,referable_dr
IDRiD_304,1,non_referable_dr
IDRiD_305,0,non_referable_dr
IDRiD_306,3,referable_dr
IDRiD_307,0,non_referable_dr
IDRiD_308,3,referable_dr
IDRiD_309,3,referable_dr
IDRiD_310,2,referable_dr
IDRiD_311,2,referable_dr
IDRiD_313,4,referable_dr
IDRiD_314,3,referable_dr
IDRiD_316,0,non_referable_dr
IDRiD_317,0,non_referable_dr
IDRiD_320,3,referable_dr
IDRiD_321,3,referable_dr
IDRiD_322,2,referable_dr
IDRiD_323,3,referable_dr
IDRiD_324,3,referable_dr
IDRiD_325,2,referable_dr
IDRiD_326,2,referable_dr
IDRiD_327,3,referable_dr
IDRiD_328,2,referable_dr
IDRiD_329,3,referable_dr
IDRiD_330,3,referable_dr
IDRiD_332,2,referable_dr
IDRiD_333,2,referable_dr
IDRiD_335,0,non_referable_dr
IDRiD_336,0,non_referable_dr
IDRiD_338,2,referable_dr
IDRiD_339,3,referable_dr
IDRiD_341,3,referable_dr
IDRiD_342,0,non_referable_dr
IDRiD_343,2,referable_dr
IDRiD_344,3,referable_dr
IDRiD_345,0,non_referable_dr
IDRiD_346,0,non_referable_dr
IDRiD_347,3,referable_dr
IDRiD_348,2,referable_dr
IDRiD_349,3,referable_dr
IDRiD_350,2,referable_dr
IDRiD_352,0,non_referable_dr
IDRiD_353,0,non_referable_dr
IDRiD_354,3,referable_dr
IDRiD_357,3,referable_dr
IDRiD_358,0,non_referable_dr
IDRiD_359,0,non_referable_dr
IDRiD_360,2,referable_dr
IDRiD_361,4,referable_dr
IDRiD_362,4,referable_dr
IDRiD_363,2,referable_dr
IDRiD_364,3,referable_dr
IDRiD_365,0,non_referable_dr
IDRiD_366,3,referable_dr
IDRiD_367,0,non_referable_dr
IDRiD_368,3,referable_dr
IDRiD_371,3,referable_dr
IDRiD_372,3,referable_dr
IDRiD_373,0,non_referable_dr
IDRiD_375,2,referable_dr
IDRiD_376,3,referable_dr
IDRiD_377,3,referable_dr
IDRiD_379,1,non_referable_dr
IDRiD_381,0,non_referable_dr
IDRiD_382,0,non_referable_dr
IDRiD_384,3,referable_dr
IDRiD_387,0,non_referable_dr
IDRiD_388,1,non_referable_dr
IDRiD_389,4,referable_dr
IDRiD_390,4,referable_dr
IDRiD_392,4,referable_dr
IDRiD_393,0,non_referable_dr
IDRiD_394,4,referable_dr
IDRiD_395,0,non_referable_dr
IDRiD_396,0,non_referable_dr
IDRiD_397,2,referable_dr
IDRiD_398,2,referable_dr
IDRiD_399,0,non_referable_dr
IDRiD_400,0,non_referable_dr
IDRiD_401,2,referable_dr
IDRiD_402,1,non_referable_dr
IDRiD_403,1,non_referable_dr
IDRiD_404,2,referable_dr
IDRiD_405,2,referable_dr
IDRiD_407,2,referable_dr
IDRiD_410,2,referable_dr
IDRiD_411,2,referable_dr
IDRiD_413,2,referable_dr
